StudentNo,学号,test_Score,Score1,Time1,Score2,Time2,Score3,Time3,Score4,Time4,Score5,Time5,Score6,Time6,Score7,Time7,Score8,Time8,Score9,Time9,Score10,Time10,correct_score,performance_score,rule_score,final_score,commit_times,commit_details
81700318,00318,100,10,203,10,205,10,238,10,183,10,219,10,219,10,173,10,190,10,232,10,252,30,10,3,43,17,"{""11"":""完成了储存单词并且排序的部分\n"",""12"":""完成了统计单词数目的模块并进行测试\n"",""13"":""完成了计算行数和计算字符数的模块\n"",""14"":""完善了代码规范和IO部分\n"",""15"":""修改.gitignore 使其不出现在远程仓库\n"",""16"":""创建项目及其基本结构\n"",""0"":""修正了输出\n"",""1"":""添加了说明文档\n"",""2"":""打开多线程\n"",""3"":""最终版本\n"",""4"":""修复了正则表达式的bug\n"",""5"":""修复了 bug 使用StringTokenizer 改善效率\n"",""6"":""修复了多线程的bug\n"",""7"":""改进多线程至可用\n"",""8"":""添加了多线程\n"",""9"":""进行单元测试与性能测试后完成了主函数\n\n这版已经可以完成任务了 还没有改进性能\n"",""10"":""完成了输出模块\n""}"
221801215,01215,100,10,171,10,205,10,219,10,158,10,203,10,219,10,132,10,155,10,205,10,236,30,10,3,43,14,"{""11"":"" - 添加单词校验功能\n * 新建WordProcessor类处理文本单词，包含单词校验函数\n"",""12"":"" - 统计文章的有效行数\n * 新增EffectiveLineCounter类统计行数\n *修改文件读写编码\n"",""13"":""  实现文件字符数量统计\n  *添加文件的ASCII字符数量统计功能\n  *修改项目文件结构\n"",""0"":"" - 完善学号文件夹下的README.md\n"",""1"":"" - 性能优化修改\n * StringBuffer.append改为StringBuilder.append\n * InputStream.read改为BufferedReader.read\n * TreeMap改为HashMap\n * 修复main函数最后一行不统计的bug\n"",""2"":"" - 单元测试中做的修改完善\n"",""3"":"" - 文件输入处理\n"",""4"":"" - 结果文件输出实现\n"",""5"":"" - WordCount核心模块封装\n *添加WordCountCore类提供统计字符数、单词数、最多的10个单词及其词频功能\n"",""6"":"" - 将单词统计修改为相同单词也计入总数\n"",""7"":"" - 实现单词排序功能\n * 单词排序按照单词频数降序、字典序升序排列\n * 修复单词总数统计的反向统计bug\n"",""8"":"" - 实现统计所有合法单词频数功能\n * 统计合法单词的出现次数总和，统计时不区分大小写\n"",""9"":"" - 实现统计各个单词独立的出现频数功能\n * 统计单词各自出现的次数，单词不区分大小写\n"",""10"":"" - 实现从文件中抽离单词功能\n * 为WordProcessor添加函数，将文件中的字符组成仅含字母和数字的字符串\n""}"
221801129,01129,100,10,475,10,497,10,567,10,413,10,543,10,552,10,241,10,386,10,580,10,610,30,10,3,43,13,"{""11"":""Create README.md"",""12"":""Create 221801129/Src/WordCount.java"",""0"":""fix bug(no \""\\n\"" in output)\n"",""1"":""submit to blog\n"",""2"":""complete codestyle.md\n"",""3"":""complete junit test\n"",""4"":""modifies function name\n"",""5"":""implements countlines\n"",""6"":""implements showwordsrank\n"",""7"":""implements countwords\n"",""8"":""Implements CountWCharactors\n"",""9"":""Initialize Project\n"",""10"":""Create codestyle.md""}"
221801407,01407,100,10,180,10,200,10,216,10,165,10,217,10,218,10,130,10,160,10,214,10,221,30,10,3,43,12,"{""0"":""221801407\n"",""11"":""新建学号文件夹，添加Lib.java文件封装接口\n"",""1"":""提交\n"",""2"":""更新README.md\n"",""3"":""代码性能改进\n"",""4"":""封装函数\n"",""5"":""统计结果输入到特定的文件中\n"",""6"":""统计文件中单词的出现次数（输出10行）\n"",""7"":""统计单词个数\n"",""8"":""Lib新增统计有效行数的函数getCountLine()\n"",""9"":""提交初步代码规范codestyle\n"",""10"":""统计输出文件的字符数\n""}"
221801401,01401,100,10,435,10,487,10,491,10,350,10,522,10,522,10,211,10,356,10,533,10,531,30,10,3,43,17,"{""11"":""第二次commit 具体内容在README.md中\n"",""12"":""第一次commit 具体内容在README.md中\n"",""13"":""finish my codestyle\n"",""14"":""add 221801401\n"",""15"":""delete 221801401/\n"",""16"":""add 221801401/\n"",""0"":""修改了部分注释\n"",""1"":""第十次commit 具体内容在READ.md中\n"",""2"":""第九次commit 具体内容在README.md中\n"",""3"":""第八次commit 具体内容在README.md中\n"",""4"":""调整tab 不计入对代码的修改\n"",""5"":""第七次commit 具体内容在README.md中\n"",""6"":""第六次commit 具体内容在README.md中\n"",""7"":""修改了Lib.java的格式\n\n未对内容进行修改 不计入对代码的修改中"",""8"":""第五次commit 具体内容在README.md中\n"",""9"":""第四次commit 具体内容在README.md中\n"",""10"":""第三次commit 具体内容在README.md中\n""}"
21800713,00713,100,10,402,10,412,10,441,10,326,10,398,10,450,10,279,10,331,10,419,10,488,30,10,3,43,16,"{""11"":""统计字符数量\n"",""12"":""判断数字、单词\n"",""13"":""删除.idea\n"",""14"":""输出流、输入文件、判断组成单词字符\n"",""15"":""代码大体框架\n"",""0"":""Update README.md\n"",""1"":""最终提交版\n"",""2"":""原先文件读写代码修改\n"",""3"":""写入output文件函数\n"",""4"":""读取文件，转为字符串函数\n"",""5"":""Update README.md\n"",""6"":""Update codestyle.md\n"",""7"":""初步完成代码\n"",""8"":""统计单词出现次数\n"",""9"":""统计单词总数\n"",""10"":""统计行数\n""}"
221801128,01128,100,10,283,10,328,10,341,10,262,10,336,10,342,10,179,10,278,10,342,10,372,30,10,3,43,17,"{""11"":""6.0版本\n\n发现使用两个ArrayList来存储数据的弊端,改为使用hashmap结构；\n对统计单词数、字符数与有效行数函数的改进。\n"",""12"":""5.0版本\n\n对输入参数读取的优化，以配合命令行运行\n"",""13"":""4.0版本\n\n接口方法的封装\n"",""14"":""3.0版本\n\n完善了对文件有效行数的统计；\n修改了输出提示。\n"",""15"":""2.0版本\n\n分离了部分函数\n"",""16"":""1.0版本\n"",""0"":""17.0版本\n\n修改readme.md\n"",""1"":""16.0版本\n\n修改了main文件输入时对inputfile和outputfile的存储\n避免老师打不开文件\n"",""2"":""15.0版本\n\n修改了README.md文件\n"",""3"":""14.0版本\n\n仅读取一次文件，提高效率\n"",""4"":""13.0版本\n\n添加了部分注释\n修改了部分变量的命名，使得命名更有含义，易理解。\n"",""5"":""12.0版本\n\n修改了代码规范（最最终版）\n"",""6"":""11.0版本\n\n完成了单元测试，优化了部分代码，删去不必要的判断与变量。\n添加了readme（最终版）\n"",""7"":""10.0\n\n将功能函数的参数由输入文件名改为字符串，使得项目读取的次数仅需要一次，提高效率。\n"",""8"":""9.0版本\n\n删去先前版本遗留的冗余代码\n"",""9"":""8.0版本\n\n改进了对有效单词的判断和存储；\n修改了依据字典序的排序方法；\n将读取函数和写函数放在Wordcount类，Lib作为部分功能函数类。\n"",""10"":""7.0版本\n\n优化了对文件中有效单词的判断以及存储\n""}"
221801326,01326,100,10,389,10,409,10,408,10,343,10,410,10,442,10,274,10,332,10,411,10,480,30,10,3,43,14,"{""11"":""Update\n\n修改了统计单词出现次数\n"",""12"":""Update\n\n修改了统计单词数量\n"",""13"":""commit\n"",""0"":""Update Lib.java\n\n指定输出编码为utf-8\n"",""1"":""update\n\n更新了readme.md\n"",""2"":""update\n\n修改了一些细节\n"",""3"":""Update codestyle.md\n"",""4"":""Update codestyle.md\n"",""5"":""update\n\n删掉main函数里面一些无用的变量\n"",""6"":""update\n\n增加了代码规范\n"",""7"":""update\n\n文件名由命令行输入\n"",""8"":""update\n\n输出由console改成了ouput.txt\n"",""9"":""Update\n\n解决了大小写问题\n"",""10"":""Update\n\n修改了有效行数\n""}"
221801123,01123,100,10,319,10,328,10,387,10,278,10,374,10,377,10,189,10,280,10,368,10,389,30,10,3,43,14,"{""11"":""add readFile and countCharNum method\n"",""12"":""add Lib.java\n"",""13"":""copy example\n"",""0"":""update README.md\n"",""1"":""correct codestyle\n"",""2"":""correct codestyle\n"",""3"":""deal Exception\n"",""4"":""delete redundance\n"",""5"":""function encapsulation\n"",""6"":""add writeFile method\n"",""7"":""identify word correctly\n"",""8"":""add sortWordMap method\n"",""9"":""modify one method's name and add countWord method\n"",""10"":""add countBlankLineNum method\n""}"
111801206,01206,100,10,343,10,376,10,408,10,283,10,376,10,394,10,209,10,311,10,407,10,393,30,10,3,43,18,"{""11"":""按代码规范修改代码\n"",""12"":""实现文件的输出和一同调用的方法\n"",""13"":""实现单词的排序\n"",""14"":""实现统计单词数\n"",""15"":""实现统计行数\n"",""16"":""计算字符数目\n"",""17"":""计算字符数目\n"",""0"":""修复了单词分割的一个小bug"",""1"":""Update WordCount.java"",""2"":""Create README.md"",""3"":""Update codestyle.md"",""4"":""优化了部分代码\n"",""5"":""添加了方法的注释\n"",""6"":""优化了文件读取\n"",""7"":""更改了异常处理的方式\n"",""8"":""修复了排序显示超过10个的bug\n"",""9"":""代码规范上传\n"",""10"":""可以在cmd上运行了\n""}"
21800623,00623,100,10,289,10,312,10,360,10,222,10,345,10,378,10,177,10,259,10,359,10,363,30,10,3,43,20,"{""11"":""update sortWord;\n\n增加频率相同的单词，按字典序排序"",""12"":""Add calculateLineNum()"",""13"":""update sortWord\n\n增加list变量存储排序结果"",""14"":""Add sortWord code in calculateWordNum()"",""15"":""Add calculateWordNum()"",""16"":""Add calculateCharNum() and update writeFile()"",""17"":""Add writeFile()"",""18"":""Add readFile()"",""19"":""Create codestyle.md"",""0"":""Update README.md"",""1"":""Update README.md"",""2"":""Update WordCount.java"",""3"":""something wrong with if in calculateWordNum()"",""4"":""Update WordCount.java"",""5"":""Upgrate calculateLineNum()"",""6"":""Update note"",""7"":""Create README.md"",""8"":""Update codestyle.md"",""9"":""Create WordCount.java"",""10"":""Update wordSort in calculateWordNum""}"
221801317,01317,100,10,293,10,316,10,341,10,253,10,339,10,343,10,200,10,249,10,357,10,358,30,10,3,43,21,"{""11"":""答案构造器中使用的换行符更新为系统的line.separator参数\n"",""12"":""WordCount增加注解 将输入流异常改为向外抛出，main函数增加args参数检查\n"",""13"":""复审代码，增加流程注释。去除了一处多余表达\n"",""14"":""改成命令行运行版本，修改构造答案中词语和频率的字符串的bug 把频率误写成文件实际行数\n"",""15"":""WordCount类完成\n"",""16"":""WordCount类完成\n"",""17"":""完成基本组件\n"",""18"":""complete base composer\n"",""19"":""update codestyle\n"",""0"":""更新：行分割符从使用系统的参数改成使用\\n，输入流改成缓存输入流\n"",""1"":""删除生产测试数据的代码，修改一处方法参数列表错误\n"",""2"":""修改非法字符处理策略：正常读取非法字符，非法字符跟在单词后算作非法单词。非法字符数目通过函数返回值返回，文件读取通过StringBuilder作为buffer接收\n"",""3"":""修改单词后跟上非法字符处理策略：非法字符会直接跳过，后面如果紧跟着正常数字字母将会拼接到一起统计\n"",""4"":""修改bug:之前有效行数统计忘记加上trim了。。\n"",""5"":""修改bug：统计字符的时候只统计ASCii\n"",""6"":""修改bug：四个字母后面加上非法字符的单词会被过滤\n"",""7"":""修改bug：四个字母后面加上非法字符的单词会被过滤\n"",""8"":""输出换行符换成\\n\n"",""9"":""增加运行时间输出\n"",""20"":""copy example\n"",""10"":""更新输入流 从按行输入更新为按字符输入\n""}"
221801113,01113,100,10,287,10,326,10,342,10,240,10,326,10,339,10,171,10,277,10,325,10,355,30,10,3,43,14,"{""11"":""Count the number of characters and lines\n"",""12"":""Count the number of characters and lines\n"",""13"":""Complete project structure\n"",""0"":""解决codestyle.md和README.md(github不显示问题)\n"",""1"":""完善codestyle.md和README.md(格式问题)\n"",""2"":""完善codestyle.md和README.md\n"",""3"":""之前writeFile函数过于冗长，抽离出getResStr\n"",""4"":""为了满足codestyle.md不同业务逻辑见或者不同语义间插入空行\n"",""5"":""添加了注释\n"",""6"":""修改了异常处理\n"",""7"":""把读文件写文件均封装到Lib里\n"",""8"":""代码规范制定\n"",""9"":""将读文件抽离为一个函数，只读一次不用读三次\n"",""10"":""实现1.基本需求\n""}"
221801306,01306,100,10,200,10,203,10,204,10,200,10,220,10,201,10,168,10,205,10,215,10,228,30,10,3,43,34,"{""22"":""Update WordCount.java\n\n增加了一些注释\n"",""23"":""Update WordCount.java\n\n增加了一些注释，调整了一些格式\n"",""24"":""Update WordCount.java\n\n增加了一些注释\n"",""25"":""Update WordCount.java\n\n完善了文件输入功能\n"",""26"":""Update WordCount.java\n\n增加了字符统计功能，同时封装成函数。并且增加了字符、行数、单词数的文件输入功能\n"",""27"":""Update WordCount.java\n\n修改了bug：不能分割被换行符分开的两个单词\n"",""28"":""Update WordCount.java\n\n增加了单词统计和行数统计的功能，并且封装成函数\n"",""29"":""Update WordCount.java\n\n增加单词字母数量判断（至少四个字母）\n"",""30"":""Update WordCount.java\n\n把词频统计中的 统 计和 排序输出 单独封装成函数\n"",""31"":""Update WordCount.java\n\n封装文件读取和词频统计两个函数\n"",""10"":""优化了输入方式，采用缓冲输入\n"",""32"":""Update WordCount.java\n"",""11"":""新增codestyle\n"",""33"":""add 221801306\n\n新建文件\n"",""12"":""修改了输出方式\n"",""13"":""修改了格式，使其符合代码规范\n"",""14"":""新增Lib类\n\n将main中所有函数移动到Lib类中。\n在main中增加了一个run函数\n"",""15"":""Update WordCount.java\n\n对按字典顺序输出增加了文件输出方式\n"",""16"":""Update WordCount.java\n\n修改了一些不规范的命名，增加了按字典顺序输出的功能\n"",""17"":""Update WordCount.java\n\n修改了输入方式\n"",""18"":""Update WordCount.java\n\n增加了输入文件名功能\n"",""19"":""Update WordCount.java\n\n测试数据中不会出现ascii以外的字符，所以把之前新增的功能注释了\n"",""0"":""修改了行数中对\\r的处理\n"",""1"":""添加了README里的描述\n"",""2"":""改成命令行输入形式\n"",""3"":""删除了测试类\n"",""4"":""修改了输出格式，删除了冗余的判断\n"",""5"":""Update LibTest.java\n"",""6"":""修改了一些注释形式\n"",""7"":""修改获取行数的方法，增加了单元测试类\n"",""8"":""优化了单词统计和行统计\n"",""9"":""修改了单词统计功能\n"",""20"":""Update WordCount.java\n\n在词频统计和单词计数中，采用正则表达式，替换所有 非数字字母下划线 的字符为空格，可以避免将中文字符记成单词。\n"",""21"":""Update WordCount.java\n\n修改了判断单词的逻辑bug：之前只判断首字符，现在需要判断前四个字符是否都是字母。\n修改了词频输出中的越界问题。\n""}"
221801308,01308,100,10,267,10,326,10,346,10,270,10,332,10,351,10,177,10,274,10,362,10,376,30,10,3,43,21,"{""11"":""forgot to output only the first 10\n"",""12"":""fix bug of sort\n"",""13"":""get top10 words\n"",""14"":""fix bug of lines\n"",""15"":""fix bug of words\n"",""16"":""get words\n"",""17"":""fix bug about '\\n'\n"",""18"":""get lines\n"",""19"":""get the number of characters\n"",""0"":""update\n"",""1"":""Update README.md\n"",""2"":""Revert \""Revert \""update\""\""\n\nThis reverts commit c99225734e725bea0fe87c65687bc5bfd9c75c68.\n"",""3"":""Revert \""update\""\n\nThis reverts commit 444ae670202d0fcb0e37d38a8cd5b4cbd2090757.\n"",""4"":""update\n"",""5"":""update\n"",""6"":""update\n"",""7"":""change to static\n"",""8"":""fix bug of word number\n"",""9"":""update agagin\n"",""20"":""update codestyle\n"",""10"":""update\n""}"
221801102,01102,100,10,278,10,360,10,358,10,284,10,344,10,359,10,172,10,311,10,361,10,450,30,10,3,43,18,"{""11"":""replace readline with read, add processLineNum\n"",""12"":""process the top 10 number of occurrence of words solely\n"",""13"":""process the number of words solely\n"",""14"":""process character solely\n"",""15"":""process the whole file\n"",""16"":""add: readFileByLine\n"",""17"":""create codestyle.md\n"",""0"":""fix omitting \\r character\n"",""1"":""update README.md\n"",""2"":""make program able to run in cmd correctly\n"",""3"":""fix I/O writer close\n"",""4"":""fix word lowerCase\n"",""5"":""fix word pattern\n"",""6"":""put algorithm in internal methods\n"",""7"":""combine processWordNum and processWorkRank\n"",""8"":""remove restore operation\n"",""9"":""add top10 sorted words rule\n"",""10"":""add output\n""}"
221801315,01315,98,10,217,10,235,10,266,10,176,10,249,10,250,8,131,10,187,10,248,10,268,29.4,0,3,32.4,22,"{""11"":""modify function countTotalWord and add memeber variable recordSource\n"",""12"":""add member variable wordFrequencyRecords\n"",""13"":""add function count valid lines\n"",""14"":""for using different stream's feature, changing the type of input parameter\n"",""15"":""modify function countTotalChar()\n"",""16"":""add function counting total words\n"",""17"":""add function counting total chars\n"",""18"":""add exception handling when files don't exit\n"",""19"":""add my code style\n"",""0"":""modify code style\n"",""1"":""introduce my program\n"",""2"":""modify file error\n"",""3"":""modify words count's logical error and hide email\\name\""\n"",""4"":""modify sort to reduce time waste and modify some error\n"",""5"":""reduce I/O waste and do some modify\n"",""6"":""modify search word method\n"",""7"":""add check file is or isn't .txt file and do something to deal with it\n"",""8"":""add function write to file and complete main\n"",""9"":""modify function sortWordFrequencyRecords\n"",""20"":""check the files'path are read correctly and write .gitignore\n"",""10"":""add function sortWordFrequencyRecords\n"",""21"":""creat folder 221801315\n""}"
221801238,01238,93,10,422,8,203,10,234,10,141,10,203,10,218,10,110,10,140,10,219,5,234,27.9,0,3,30.9,13,"{""11"":""[Updated]完成代码规范编写\n"",""12"":""[Updated]初始化项目目录结构\n"",""0"":""[Fixed] 删除多余文件\n"",""1"":""[Fixed] 完善文档\n"",""2"":""[Fixed]修正代码格式，重整结果\n"",""3"":""[Updated]忽略部分文件\n"",""4"":""[Fixed]修复空行仍然被当作有效行的问题\n"",""5"":""[Fixed]修复开头有数字和中间有数字会被当作单词的问题\n"",""6"":""[Updated]去掉分号\n[Message]写代码的时候忘记自己定下的规范了\n"",""7"":""[Updated]编写主程序\n"",""8"":""[Updated]完成最多的10个单词及其词频的数组模块\n"",""9"":""[Updated]完成统计字词总数模块\n"",""10"":""[Updated]完成统计字符数模块\n""}"
221801311,01311,92,10,1104,8,2095,8,3173,10,937,8,2515,10,3437,10,93,10,1156,10,3235,8,3360,27.6,0,3,30.6,14,"{""11"":""feat(lib): add module structure\n\nadd basic function structure in lib module, export them\n"",""12"":""feat(codestyle): add code style\n\npre define code style\n"",""13"":""feat: init project\n"",""0"":""fix(lib): redefine empty charactor\n"",""1"":""feat(wordcount): add output data generator\n"",""2"":""feat(lib): complete frequency count function\n\ncomplete countTopOccur function on lib, add a test on wordCount\n"",""3"":""feat(lib): complete valid line count function\n\ncomplete countValidLine function on lib, add a test on wordCount\n"",""4"":""feat(lib): complete words count function\n\ncomplete countWord function on lib, add a test on wordCount\n"",""5"":""feat(lib): add count valid line function\n"",""6"":""feat(lib): complete charactor count function\n\ncomplete countChar function on lib, add a test on wrodCount\n"",""7"":""feat(lib, wordcount): complete fileWrite function\n\ncomplete writeFile function on Lib, add a test on WordCount\n"",""8"":""refactor(lib): improve function name\n\nchange function name, make it fit codeStyle\n"",""9"":""feat(lib, wordcount): realize fileRead function\n\ncomplete readFile on Lib, add a test on WordCount\n"",""10"":""feat(wordcount): add command parameter reader\n\nread input file url and output file url from command\n""}"
221801409,01409,90,9,343,9,409,9,417,9,298,9,392,9,431,9,195,9,319,9,426,9,467,27,0,3,30,12,"{""0"":""第十一次commit\n\n更新了README和codestyle，对Lib类进行了小幅修改。\n"",""11"":""commit test\n\ncommit测试\n"",""1"":""第十次commit\n\n修复了行数统计问题，进行了重新排版，程序基本完成\n"",""2"":""第九次commit\n\n编译时出现了问题，StringUtils类无法使用，因此选择删除，做出部分修改后可以进行编译了，行统计部分要重写\n"",""3"":""第八次commit\n\n指定utf-8为输出形式，发现readline在读取换行符在多种情况下出现bug，修改为按字符读取\n"",""4"":""第七次commit\n\n新增输出功能，删除部分测试语句，运行结果良好\n"",""5"":""第六次commit\n\n发现了当换行符位于第一行时，统计行数会因为切割出空字符串导致有效行数变多的bug并修复，新增同值情况下按字典排序的功能\n"",""6"":""第五次commit\n\n修改了单词统计只统计前三个字母是否为英文字母的bug，新增统计单词频率和按值排序单词方法\n"",""7"":""第四次commit\n\n完成统计行数功能\n"",""8"":""第三次commit\n\n完成统计文件的单词总数功能\n"",""9"":""第二次commit\n\n完成字符数统计功能\n"",""10"":""第一次commit\n\n完成文件读入功能\n""}"
221801337,01337,80,8,164,8,165,8,160,8,144,8,154,8,185,8,124,8,144,8,172,8,191,24,0,0,24,8,"{""0"":""移动文件\n"",""1"":""添加了设置阈值为0的异常处理\n"",""2"":""编写代码规范\n"",""3"":""格式化代码\n"",""4"":""修改细节\n"",""5"":""降级为Java8\n"",""6"":""完成TopK，完成对大文件的处理\n"",""7"":""完成WordReader，解决了最后一行和空格后换行不能统计的bug\n""}"
221801331,01331,80,8,234,8,274,8,288,8,218,8,290,8,282,8,174,8,217,8,281,8,323,24,0,3,27,14,"{""11"":""之前交错位置了，把老版本拿出来补交一下"",""12"":""之前交错位置了，把老版本拿出来补交一下"",""13"":""之前交错位置了，把老版本拿出来补交一下"",""0"":""增加了对命令行参数的异常处理；完善了注释"",""1"":""简单地修改了IOHandler"",""2"":""修改了wordcount中字符解析和单词解析的创建方式"",""3"":""更新了输出格式"",""4"":""修改了单词统计算法"",""5"":""Add files via upload"",""6"":""Delete TextParser.java"",""7"":""Delete IOHandler.java"",""8"":""Delete FileParser.java"",""9"":""将核心功能模块拆分"",""10"":""修复了一些bug""}"
221801328,01328,80,8,241,8,275,8,310,8,214,8,266,8,298,8,169,8,214,8,282,8,322,24,0,3,27,15,"{""11"":""实现 统计ascii字符数 功能，把统计字符和统计单词做成函数\n"",""12"":""读取txt文件，找出文件中 符合要求的单词 放入集合\n"",""13"":""初始化项目，添加 .gitignore\n"",""14"":""Create README.md\n\ntest\n"",""0"":""修改.gitignore的位置\n"",""1"":""修正.gitignore的位置，中文好像有点乱码，再提交一次\n"",""2"":""添加项目描述，并说明：一次提交这么多commit是因为，在实现项目的过程中，我有在本地commit进行记录，但是到最后push不了，所以我参照原来的记录重新commit一遍再成功地push上去\n"",""3"":""给ArrayList加上<泛型的具体类型>\n"",""4"":""添加代码规范，修改代码中原本不符合代码规范的地方\n"",""5"":""删掉一些没用的代码，添加一个用来测试的函数\n"",""6"":""1 把函数放在Lib.java中，WordCount负责接收命令行参数和调用Lib的方法 2 修改.gitignore，忽略输入输出.txt文件和单元测试文件\n"",""7"":""修改 统计行数 功能\n"",""8"":""实现 统计数据输出到文件 ，给各个函数加上返回值\n"",""9"":""实现 统计文件中各单词的出现次数 功能\n"",""10"":""实现 统计文件的有效行数 功能\n""}"
221801208,01208,80,8,217,8,222,8,249,8,184,8,236,8,239,8,150,8,203,8,231,8,269,24,0,3,27,13,"{""11"":""complete characters count\n"",""12"":""wrote class Word\n"",""0"":""correct README.md"",""1"":""update  codestyle.md"",""2"":""add codestyle.md and README.md\n"",""3"":""complete exception handling\n"",""4"":""complete main function\n"",""5"":""complete function printFrequency\n"",""6"":""complete function countRowNum\n"",""7"":""debugged and rewrote function countCharANdWord\n"",""8"":""delete function countChar,complete function countCharAndWord\n"",""9"":""wrote function wordToHashMap\n"",""10"":""wrote function isWord\n""}"
221801204,01204,80,8,359,8,394,8,410,8,322,8,408,8,413,8,211,8,321,8,407,8,435,24,0,3,27,10,"{""0"":""修改了一个致命的bug\n\n正准备提交，还好及时发现了...\n添加了参数错误的异常处理\n修改了一些关键函数的返回类型，方便测试\n"",""1"":""删除了部分垃圾函数\n"",""2"":""更新了使用说明\n\n...\n"",""3"":""对统计词频部分进行了修改\n\n现在统计词频部分不再依赖于统计单词总数部分的调用了，即使后者没有先调用，它也可以独立拿出来运行、测试。\n"",""4"":""修改了输出词频的一个bug\n\n遍历的对象错了\n"",""5"":""完成了统计行数的功能\n\n对一些文件相关的代码进行了完善，用try resource保证reader和writer能顺利关闭\n"",""6"":""大致完成了单词词频统计功能\n\n修改了部分细节\n"",""7"":""将判断字符串是否是单词的部分单独写成函数，方便统计词频\n\n其余代码进行了少量修改\n"",""8"":""the second commit\n\n修改了getFileReader()\n增加了文件转换字符串函数TurnFileToString()\n增加了统计文件单词总数函数getWordNum()\n"",""9"":""first commit\n\n添加了代码规范和部分代码 实现统计文件字符数功能\n""}"
221801403,01403,80,8,325,8,415,8,418,8,289,8,412,8,427,8,197,8,281,8,409,8,558,24,0,3,27,21,"{""11"":""第2次commit\n\n读取文件 并建立lib实现封装\n"",""12"":""Merge branch 'main' of https://github.com/874884516/PersonalProject-Java into main\n"",""13"":""1\n\n复制example结构到文件夹 并编写codestyle文件\n"",""14"":""Update codestyle.md"",""15"":""Update codestyle.md"",""16"":""Update codestyle.md"",""17"":""Update codestyle.md"",""18"":""Create codestyle.md"",""19"":""Delete 221801403"",""0"":""13commit\n\n判断行数 只有\\n\n"",""1"":""12次commit\n\n代码有误 更正\n"",""2"":""11 commit\n\n修改了两个文件的编码为uft8 更新了readme\n"",""3"":""第10次commit\n\n字符筛选了ascll 修复了上个commit空指针的问题\n"",""4"":""第9次commit\n\n更新了异常处理 增加了注释 编写了readme\n"",""5"":""第8次commit\n\n更改指定文件为从命令行文件地址 修改了部分变量\n"",""6"":""第7次commit\n\n实现了将数据输入当新建的文档中\n"",""7"":""第六次commit\n\n实现了出现频率最高的10个单词的功能\n"",""8"":""第五次commit\n\n增加了单词统计功能 使用java的split和正则表达式筛选符合标准的单词\n"",""9"":""第4次commit\n\n完成了对文件有效行数的统计 与上个文件字符数类似\n"",""20"":""Create 221801403"",""10"":""第3次commit\n\n考虑到每个函数都需要读取文件修改了读取文件 改为第一个功能 读取文件字符数\n""}"
221801124,01124,80,8,308,8,346,8,378,8,270,8,348,8,368,8,194,8,285,8,369,8,424,24,0,0,24,2,"{""0"":""add \""utf-8\"" in FileIO\n"",""1"":""add README\n\nCo-Authored-By: fzu-zsp <79618598+fzu-zsp@users.noreply.github.com>\n""}"
221801118,01118,80,8,295,8,311,8,318,8,242,8,298,8,336,8,177,8,247,8,332,8,358,24,0,3,27,20,"{""11"":""增加读入字符流转为String的函数\n\n"",""12"":""reset\n\n"",""13"":""修改行数函数为行数并拼接文章为字符串\n\n"",""14"":""修改了统计结果属性值的所属类\n\n"",""15"":""修改了统计行数的异常处理\n\n"",""16"":""代码规范\n\n"",""17"":""从自己的仓库贴过来贴错\n\n"",""18"":""代码规范\n\n"",""19"":""文章读取并统计行数\n\n"",""0"":""功能完整版（二）第二次作业\n\n"",""1"":""自动测试版\n\n"",""2"":""写入README\n\n"",""3"":""功能完整版本（一）\n\n"",""4"":""修改了行数统计的相关细节\n\n"",""5"":""增加输入文件函数\n\n"",""6"":""组好最终输出字符串\n\n"",""7"":""完成单词词频统计函数\n\n"",""8"":""新增单词类\n\n"",""9"":""完成单词数统计函数\n\n"",""10"":""正确实现字符和行数统计\n\n""}"
221801316,01316,80,8,436,8,472,8,539,8,383,8,450,8,489,8,260,8,373,8,504,8,606,24,0,3,27,15,"{""11"":""实现文本小写转化\n"",""12"":""实现字符统计功能\n"",""13"":""制定代码规范"",""14"":""拷贝example文件\n"",""0"":""Update WordCount.java\n"",""1"":""修改了一处bug\n"",""2"":""Update WordCount.java\n"",""3"":""对代码进行一些调整\n"",""4"":""Update CountCore.java\n\n一开始构思以为需要先对文本进行小写转化，故先写了该方法，后面发现这个功能在后续的统计中有体现，于是将其删去\n"",""5"":""功能整合\n"",""6"":""实现内容写入文件\n"",""7"":""单词的统计与存储功能分离\n"",""8"":""词实现频排序\n"",""9"":""实现空行统计\n"",""10"":""单词统计功能\n""}"
41801114,01114,80,8,296,8,315,8,326,8,276,8,361,8,359,8,217,8,284,8,341,8,374,24,0,3,27,21,"{""11"":""抽取函数，为单元测试做准备\n"",""12"":""实现 WordCount\n"",""13"":""实现WordCount需要的工具\n"",""14"":""实现接口\n"",""15"":""修改接口 & 实现 getCharCount\n"",""16"":""修改接口表述\n"",""17"":""定义接口\n\n定义需要实现的接口，其具有要求中提及的4项功能\n"",""18"":""默认文件修改\n\n为WordCount.java添加上main方法\n"",""19"":""制定编程规范\n\n制定编程规范，并撰写成markdown文件，添加到git仓库里\n"",""0"":""屏蔽不需要暴露出去的方法\n"",""1"":""撰写readme\n"",""2"":""修复bug\n"",""3"":""撰写readme\n"",""4"":""包提取\n"",""5"":""剔除没有使用的代码\n"",""6"":""函数抽取\n"",""7"":""函数抽取\n"",""8"":""函数抽出\n"",""9"":""函数抽出\n\n用于单元测试\n"",""20"":""新建&复制\n\n在根目录中新建一个学号为名的文件夹。 复制example下的目录结构到你新建的目录下；不要修改example文件夹和根目录下的README\n"",""10"":""修正bug与格式\n\nbug：正则字符串中缺少了一个+\n""}"
221801318,01318,80,8,440,8,499,8,508,8,352,8,492,8,525,8,256,8,362,8,506,8,539,24,0,3,27,11,"{""0"":""修改了异常处理中的一些小细节\n\n在Lib中的createOutput()中进行判断，判断调用的四个函数返回值是否为空，若为空，异常处理应输出是哪一部分异常。\n"",""1"":""代码部分第九次提交\n\n完成WordCount.java中的main函数，使之可以通过控制台使用命令行操作;同时删除Lib.java中一些注释掉没有用的代码\n"",""2"":""代码部分第八次提交\n\n本次主要完成向文件中写入结果的功能\n"",""3"":""代码部分第七次提交\n\n1、完成了统计词频并排序输出的功能；2、开始使用Junit进行测试以及对函数进行了注解\n"",""4"":""提交代码规范\n\n一些常见的代码规范，还有一些细节不在上面的今后提交会补充的\n"",""5"":""第六次提交\n\n完成了统计单词数的功能，其函数实现是Lib.java中的String returnWords()\n"",""6"":""第五次提交\n\n完成了统计有效行数的功能，其函数实现是Lib.java中的String returnLines()\n"",""7"":""第四次提交\n\n修改了第三次提交中关于统计文章字符数的功能的bug。由于题干意思是不考虑汉字，而在使用正则表达式去除ASCII码之外的字符时出现了bug，改了好久改不出来遂放弃。此版本统计汉字字符时会出错。\n"",""8"":""第三次提交\n\n此次提交完善统计文章字符数的功能，测试时发现若最后一行为空行时，测试结果会比实际值小一。经研究发现是使用readline()方法按行读取时若最后一行为空行则被判断为空。故修改按行读取的方式为按字节读取。具体实现详见博客。\n"",""9"":""第二次提交\n\n完成了统计文件字符数的功能，其函数实现是Lib.java中的String returnCharacters()\n"",""10"":""第一次提交\n\n新建一个学号为名的文件夹，并复制example下的目录结构到你新建的目录下\n""}"
221801304,01304,80,8,231,8,261,8,260,8,214,8,255,8,267,8,180,8,213,8,257,8,281,24,0,3,27,16,"{""11"":""解决结尾单词提取错误\n"",""12"":""增加并实现了判断行数的函数\n"",""13"":""修改字符串截取出现的错误，增加打印词频功能\n"",""14"":""优化字符的处理与map填充\n"",""15"":""add 221801304\n"",""0"":""Update README.md\n\n标题少了空格，没显示出来"",""1"":""Update README.md"",""2"":""Delete output.txt"",""3"":""Delete input.txt"",""4"":""修改项目介绍、添加注释、命令行参数修改\n"",""5"":""进行了单元测试、性能优化，并把WordCount改装成命令行程序\n"",""6"":""将IO与字符串处理完全分开，并大大减少了IO次数，使用了IO更快的流，提高字符串处理速度\n"",""7"":""给比较器加了字典序比较条件\n"",""8"":""进一步封装函数，提高复用性，让每个功能尽可能分开\n"",""9"":""发现了“除开头和结尾，单词前后都必须是一个分隔符”的问题并添加判断\n"",""10"":""发现错误，为判断行数增加了额外判定\n""}"
221801418,01418,70,7,14090,7,21665,7,32172,7,7515,7,25615,7,35146,7,1252,7,7904,7,32478,7,44660,21,0,3,24,21,"{""11"":""Update WordCount.java\n\n看了下Q&A重新理解了下题目的意思做出一些修改\n"",""12"":""Update WordCount.java\n\n完善了一下检测单词数量的功能，稍微加了一些注释\n"",""13"":""Update WordCount.java\n\n尝试一下判断和统计单词个数\n"",""14"":""Update WordCount.java\n\n加入了计算有几个字符修改了编码方式\n"",""15"":""Update WordCount.java\n\n文件读取和判断几行"",""16"":""Create README.md"",""17"":""Create codestyle.md"",""18"":""Create WordCount.java"",""19"":""Delete 221801418"",""0"":""Update Lib.java\n\n输出格式的细节修改\n"",""1"":""Merge branch 'main' of https://github.com/kepachirenguai/PersonalProject-Java into main\n"",""2"":""update\n\n上传README内容，并对代码的输出部分的细节稍微调整了一下\n"",""3"":""Update codestyle.md"",""4"":""Update codestyle.md"",""5"":""update\n\n按照codestyle把代码检查规范了一下\n"",""6"":""update\n\n可以使用命令行输入文件名字了\n"",""7"":""update\n\n文件输出功能的实现\n"",""8"":""update\n\n把Lib分出来\n"",""9"":""Update WordCount.java\n\n把统计词数的功能写上\n"",""20"":""Create 221801418"",""10"":""Update WordCount.java\n\n完成了统计行数\n""}"
221801139,01139,70,7,179,7,190,7,222,7,154,7,201,7,204,7,130,7,156,7,204,7,211,21,0,0,21,5,"{""0"":""修改博客介绍\n"",""1"":""增加异常处理\n"",""2"":""修改.gitignore并进行接口封装\n"",""3"":""修复了部分Bug\n"",""4"":""完成基本需求以及接口封装\n""}"
221801201,01201,70,8,215,3,238,8,247,8,203,8,233,8,247,8,154,8,190,8,246,3,263,21,0,3,24,10,"{""0"":""修改代码规范\n"",""1"":""更改行数统计方式，优化函数结构\n"",""2"":""修改行数统计方式 修复单词以数字开头的bug\n"",""3"":""更改统计行数的方式\n"",""4"":""修改输出到文件中，增加错误提示\n"",""5"":""分离自定义函数\n"",""6"":""修复输出格式\n"",""7"":""完成所有功能并简单测试\n"",""8"":""完成部分功能（未测试）\n\n读入函数\n分析函数\nbytes、vector、string转换函数\n"",""9"":""初始化\n\n添加自己的文件夹\n""}"
221801413,01413,50,5,208,5,219,5,246,5,173,5,220,5,233,5,140,5,186,5,235,5,250,15,0,3,18,16,"{""11"":""Edit codestyle\n\nfirst edit codestyle\n"",""12"":""Delete testgit.txt\n"",""13"":""Summary\n\nCreate File\n"",""14"":""Revert \""Create 221801413\""\n\nThis reverts commit b035d18075d3787c1ca46773268094fa4bab5aac.\n"",""15"":""Create 221801413"",""0"":""第十次commit\n\n详情见README文件\n"",""1"":""第九次commit\n\n详情见README文件\n"",""2"":""第八次commit\n\n详情见README文件\n"",""3"":""第七次commit\n\n详情见README\n"",""4"":""第六次commit\n\n详情见README文件\n"",""5"":""第五次commit\n\n详情见README文件\n"",""6"":""第四次commit\n\n详情见README文件\n"",""7"":""第三次commit\n\n详情见README文件\n"",""8"":""第二次commit\n\n详情参见README文件\n"",""9"":""第一次Commit\n\n详情见对应目录下README文件\n"",""10"":""modify codestyle\n""}"
221801435,01435,50,5,295,5,316,5,347,5,251,5,325,5,345,5,195,5,272,5,346,5,360,15,0,3,18,16,"{""11"":""完成统计文件行数功能\n"",""12"":""完成功能：统计文件ASCII字符数\n"",""13"":""test push\n"",""14"":""test push\n"",""15"":""test commit\n"",""0"":""整理项目文件\n"",""1"":""整理项目结构\n"",""2"":""添加了WordCount的测试代码\n"",""3"":""完成了统计最多出现次数单词函数功能的测试，测试过程中修改了该函数的关于分割单词的部分代码\n"",""4"":""添加对于fileToString和getLinesCount的测试\n"",""5"":""修改了Lib.getWordsCount函数,使其能够根据多个分隔字符分割单词，而不是只有一个分割字符来分割单词\n"",""6"":""新增对于功能getAsciiCount和getWordsCount的测试\n"",""7"":""修改WordCount.java,使其输出到output文件\n"",""8"":""完善WordCount.java内容\n"",""9"":""完成文件统计单词数量功能\n"",""10"":""分离出文件读取功能fileToString，编写判断单词功能isWord\n""}"
221801434,01434,45,6,316,6,377,6,412,1,254,6,378,6,419,1,177,1,264,6,404,6,446,13.5,0,3,16.5,29,"{""22"":""补充了不区分大小写的功能\n"",""23"":""实现可命令行输入参数功能\n"",""24"":""Create .gitignore\n"",""25"":""实现了输出数量前十的单词功能\n"",""26"":""实现了统计单词数量的功能\n"",""27"":""实现了统计行数功能\n"",""28"":""实现了统计字符数功能\n"",""10"":""代码性能改进\n"",""11"":""代码性能改进\n"",""12"":""取出四个功能，将其封装到Lib类中\n"",""13"":""取出四个功能。将其封装到一个类中\n"",""14"":""修改统计行数代码，使其能统计有效行数\n"",""15"":""完善字符统计的功能\n"",""16"":""实现将输出写入文本功能\n"",""17"":""Delete .gitignore\n"",""18"":""Create .gitignore\n"",""19"":""Delete .gitignore\n"",""0"":""Update README.md"",""1"":""编辑README文件"",""2"":""Create README.md\n"",""3"":""补充添加注释\n"",""4"":""补充添加注释\n"",""5"":""Update codestyle.md\n"",""6"":""Update codestyle.md\n"",""7"":""Create codestyle.md\n"",""8"":""Update WordCount.java\n"",""9"":""Update Lib.java\n"",""20"":""Create .gitignore\n"",""21"":""Delete .gitignore\n""}"
41802224,02224,30,1,280,6,361,6,377,1,269,1,350,1,379,1,206,1,267,6,368,6,378,9,0,0,9,7,"{""0"":""添加博客链接\n"",""1"":""WordCount主函数增加判断输入小于2的情况\n添加gitignore文件，提交readme，codestyle\n"",""2"":""补充异常处理\n"",""3"":""添加注释\n"",""4"":""修改获取行数的方式为正则表达式匹配\n"",""5"":""创建学号文件夹，修改为Lib类\n"",""6"":""按照作业要求 学号文件夹保存\n""}"
131802125,02125,30,3,24765,3,38427,3,55834,3,13222,3,43645,3,61762,3,2832,3,14413,3,56192,3,81013,9,0,3,12,10,"{""0"":""优化实现\n"",""1"":""Update WordCount.java\n"",""2"":""对3个类的数据结构进行微调\n"",""3"":""Update WordCount.java\n"",""4"":""Create Word.java\n"",""5"":""Create Function.java\n"",""6"":""Create CompareRule.java\n"",""7"":""Update README.md\n"",""8"":""替换codestyle.md\n"",""9"":""初始化学号文件夹\n""}"
221801213,01213,30,3,23406,3,36278,3,47526,3,13998,3,39885,3,51051,3,5511,3,14902,3,47771,3,62364,9,0,3,12,13,"{""11"":""Update WordCount.java\n\ntest\n"",""12"":""add\n"",""0"":""代码改成utf-8编码..\n"",""1"":""修改空白字符不成行的判断\n"",""2"":""增加注释，更新README\n"",""3"":""合并部分函数，修改代码规范\n"",""4"":""改用正则表达式判断统计单词\n"",""5"":""修改代码规范\n"",""6"":""添加io，补上空行情况\n"",""7"":""初步完成统计功能\n"",""8"":""完成前三个指标统计功能\n"",""9"":""修改\n"",""10"":""更新代码规范\n""}"
221801404,01404,30,3,280,3,394,3,408,3,302,3,379,3,412,3,230,3,298,3,393,3,500,9,0,3,12,23,"{""11"":""编程规则\n"",""22"":""Create 221801404"",""12"":""Create Lib.java\n"",""13"":""更新\n"",""14"":""删除\n"",""15"":""更新\n"",""16"":""更新\n"",""17"":""删除\n"",""18"":""更新文件\n"",""19"":""Delete 221801404"",""0"":""输出格式更改\n"",""1"":""对代码进行了整理，删除了不必要的部分，严格按照自定义风格格式，完成了基本功能\n"",""2"":""将排好序的单词依次输出\n"",""3"":""规范化输出到控制台\n"",""4"":""对出现的单词进行顺序存放\n"",""5"":""调整了单词统计的返回值类型，输出更加方便\n"",""6"":""对文件读取组一些极限测试\n"",""7"":""对单词进行了统计\n"",""8"":""三，统计了行数\n"",""9"":""第二次，成功获取字符数\n"",""20"":""221801404"",""10"":""第一次\n\n从文件中读取数据\n"",""21"":""Delete 221801404""}"
221801322,01322,30,1,249,6,296,1,300,6,204,6,282,1,296,6,169,1,231,1,297,1,313,9,0,3,12,14,"{""11"":""commit countChar统计字符数\n"",""12"":""commit codestyle.md代码规范\n"",""13"":""commit 221801322文件夹\n"",""0"":""commit README.md项目说明\n"",""1"":""commit 修改异常处理\n"",""2"":""commit 项目性能改进&bug修复\n"",""3"":""commit 根据编辑器提示复审代码\n"",""4"":""commit 修改代码组织结构\n"",""5"":""commit writeToFile写入文件\n"",""6"":""commit 修改extractWord提取单词\n"",""7"":""commit countWordFreq统计前10词频\n"",""8"":""commit extractWord统计所有单词词频\n"",""9"":""commit countWord统计单词数\n"",""10"":""commit countine统计行数\n""}"
221801312,01312,30,1,260,6,293,1,295,6,259,6,293,1,295,6,185,1,250,1,265,1,310,9,0,3,12,16,"{""11"":""修复了字符无法统计回车的bug\n"",""12"":""完成单词频率统计的输出\n"",""13"":""完成基本单词的判断和测试\n"",""14"":""完成文件处理和基本测试函数的编写\n"",""15"":""复制项目\n"",""0"":""修改readme\n"",""1"":""最终版本的修改\n"",""2"":""修改了模块调用的传入参数\n"",""3"":""修改代码规范\n"",""4"":""优化了处理性能\n"",""5"":""优化了性能和编写了测试函数\n"",""6"":""修复若干BUG\n"",""7"":""完成接口封装\n"",""8"":""修复了若干BUG\n"",""9"":""修复了单独一行\\t也会被算入有效行的BUG\n"",""10"":""修复了当单词出现频率相同时，单词无法按字典序排序的BUG\n""}"
221801422,01422,30,3,304,3,365,3,427,3,259,3,441,3,437,3,155,3,296,3,410,3,491,9,0,3,12,12,"{""0"":""Update WordCount.java\n\n修正变量名称错误\n"",""11"":""Create codestyle.md\n\n完成codestyle代码规范\n"",""1"":""Update README.md\n\n补充README\n"",""2"":""Create README.md\n\n提交commit记录\n"",""3"":""Update WordCount.java\n\n执行WordCount函数 完成主函数\n"",""4"":""Create WordCount.java\n\n构造函数 获取要输出的有效行数 字符数 单词数的值\n"",""5"":""Update Lib.java\n\n完成将字符串传入到文件\n"",""6"":""Update Lib.java\n\n更新了读取单词时单词词频的记录 通过比较器来实现单词排序\n"",""7"":""Update Lib.java\n\n增加了统计单词数的函数\n"",""8"":""Update Lib.java\n\n通过遍历来统计字符数\n"",""9"":""Update Lib.java\n\n初步完成统计有效行数的函数\n"",""10"":""ReadFile\n\n创建了文件读取数据的函数\n""}"
221801221,01221,30,3,340,3,365,3,382,3,302,3,365,3,397,3,207,3,311,3,378,3,407,9,0,3,12,10,"{""0"":""delete superfluous method\n"",""1"":""change main because top10 method is packing\n"",""2"":""Change wrong method name\n"",""3"":""Change regex\n"",""4"":""Complete \""output result to file\""\n"",""5"":""Complete sortWordsByFrequencyOfAppearance\n"",""6"":""Complete countChars\n"",""7"":""Complete countWords and countLines\n"",""8"":""Develop code specifications\n"",""9"":""Build the directory structure\n""}"
221801120,01120,20,2,330,2,395,2,396,2,287,2,380,2,412,2,226,2,300,2,413,2,428,6,0,3,9,12,"{""0"":""补充了codestyle.md的内容\n"",""11"":""Create 221801120"",""1"":""更新了README.md的内容\n"",""2"":""改进统计单词频率\n"",""3"":""增加了一些get函数和统计过程函数\n"",""4"":""实现统计单词频率并输出频率最高的10个\n"",""5"":""实现统计非空行数\n"",""6"":""实现统计单词数\n"",""7"":""实现统计字符数\n"",""8"":""实现读取文件内容\n"",""9"":""更新README.md、codestyle.md\n"",""10"":""Delete 221801120""}"
221801419,01419,10,1,257,1,344,1,366,1,257,1,332,1,332,1,239,1,269,1,362,1,372,3,0,3,6,13,"{""11"":""update\n\n2\n"",""12"":""update\n\n1\n"",""0"":""Update WordCount.java\n\n之前输出时冒号后面没空格，现在补充\n"",""1"":""update\n\n仅变量名文字修改，个人看着更舒服。以及再commit一次确认\n"",""2"":""10\n\n删除测试用代码，提交项目相关\n"",""3"":""codestyle\n"",""4"":""update\n\n9\n"",""5"":""update\n\n8\n"",""6"":""update\n\n7\n"",""7"":""update\n\n6\n"",""8"":""update\n\n5\n"",""9"":""update\n\n4\n"",""10"":""update\n\n3\n""}"
221801415,01415,0,0,94,0,104,0,104,0,96,0,111,0,103,0,104,0,103,0,102,0,103,0,0,3,3,19,"{""11"":""修改代码风格\n"",""12"":""提交代码风格\n"",""13"":""完成基本工作\n"",""14"":""d\n"",""15"":""第一次提交\n"",""16"":""Create test"",""17"":""Delete 221801415"",""18"":""Create 221801415"",""0"":""Update Lib.java"",""1"":""Update codestyle.md"",""2"":""删除部分测试代码"",""3"":""Update README.md"",""4"":""添加注释修改代码"",""5"":""添加注释和修改代码"",""6"":""修改代码\n\n修改代码"",""7"":""Update Lib.java\n\n修改代码"",""8"":""Update codestyle.md"",""9"":""Update codestyle.md"",""10"":""Update codestyle.md""}"
221801335,01335,0,0,62,0,47,0,47,0,47,0,47,0,46,0,47,0,47,0,31,0,47,0,0,0,0,5,"{""0"":""fifth commit\n\n整合\n"",""1"":""forth commit\n\n对要求文件的构建和运行说明\n"",""2"":""thirdcommit\n\n接口封装和测试单元编写\n"",""3"":""second commit\n\n实现基本需求\n"",""4"":""firstCommit\n\ninitialization\n""}"
221801412,01412,0,0,104,0,97,0,98,0,101,0,96,0,98,0,98,0,97,0,98,0,100,0,0,3,3,16,"{""11"":""基本功能\n"",""12"":""组织目录\n"",""13"":""Create WordCount.java"",""14"":""Delete 221801412"",""15"":""Create 221801412"",""0"":""Update README.md"",""1"":""Delete output.txt"",""2"":""Delete input.txt"",""3"":""Update WordCount.java"",""4"":""Update WordCount.java"",""5"":""Update WordCount.java"",""6"":""Create README.md"",""7"":""Add files via upload"",""8"":""完善注释信息等\n"",""9"":""部分代码风格美化\n"",""10"":""初步完成统计功能\n""}"
221801336,01336,0,0,47,0,31,0,31,0,47,0,31,0,32,0,46,0,32,0,31,0,47,0,0,0,0,9,"{""0"":""Update test_WordCount.py"",""1"":""Update WordCount.py"",""2"":""Update README.md"",""3"":""Create input.txt"",""4"":""Create test_WordCount.py"",""5"":""Create WordCount.py"",""6"":""Create codestyle.md"",""7"":""Create README.md"",""8"":""Create newfile""}"
41801206,01206,0,0,218,0,219,0,236,0,192,0,249,0,239,0,180,0,204,0,239,0,239,0,0,3,3,24,"{""11"":""emm\n"",""22"":""github test and start project\n"",""12"":""基本完成\n"",""23"":""调整目录结构\n"",""13"":""差点裂开\n"",""14"":""调试1，解决输出格式\n"",""15"":""sleep\n"",""16"":""改了点bug\n"",""17"":""差不多整完了\n"",""18"":""test\n"",""19"":""hahaha\n"",""0"":""调试4\n"",""1"":""调试3\n"",""2"":""finish\n"",""3"":""调试2\n"",""4"":""调试\n"",""5"":""Update workspace.xml\n"",""6"":""1\n"",""7"":""0305\n"",""8"":""Update workspace.xml\n"",""9"":""晚上吃了沙茶面\n"",""20"":""休息一下\n"",""10"":""2333\n"",""21"":""emmm\n""}"
221801327,01327,0,0,93,0,97,0,98,0,105,0,91,0,99,0,99,0,97,0,98,0,98,0,0,3,3,12,"{""0"":""add\n\n增加了ReadMe.md文件\n"",""11"":""add codestyle\n\n上传编码风格，同时使用.gitignore文件忽略非必要文档\n"",""1"":""revise\n\n修改了一些代码规范，增加了文件读入个数的异常报错\n"",""2"":""delete\n\n删除了原先程序设计过程中的部分测试语句，并通过单元测试LibTest进行代码测试\n"",""3"":""revise\n\n测试中检测到 countValidLines功能，最后一行全空格的样例时会计入的bug，已修复\n"",""4"":""revise\n\n将文件的读写也封装到Lib类中。\n"",""5"":""revise\n\n1.将原本的countWords拆分出一个sortMap函数，用于对统计好的单词Map数组按照题目所给规则排序。\n2.修改countTotalWords，使合法单词的判断完全依赖正则表达式，删去isValidWord函数判断，简短了代码量。\n"",""6"":""encapsulation\n\n将WordCount文件中的方法独立出来封装成方法类Lib，并在源文件中调用\n"",""7"":""add\n\n增加了统计文件中各单词的出现次数（对应输出接下来10行），最终只输出频率最高的10个的功能。\n"",""8"":""add\n\n增加和输出统计文件的有效行数功能\n"",""9"":""add\n\n增加了统计并输出单词总数的功能，其中包括了验证单词合法性\n"",""10"":""add\n\n实现了文件字符数的读取和输出\n""}"
221801329,01329,0,0,93,0,97,0,99,0,106,0,92,0,98,0,98,0,97,0,95,0,100,0,0,3,3,18,"{""11"":""第七次commit 具体内容见学号文件夹下readme\n"",""12"":""第六次commit 具体内容见学号文件夹下readme\n"",""13"":""第五次commit 具体内容见学号文件夹下readme\n"",""14"":""第四次commit 具体内容见学号文件夹下readme\n"",""15"":""第三次commit 具体内容见学号文件夹下readme\n"",""16"":""第二次commit 更新部分写在学号文件夹readme中\n"",""17"":""commit test1\n"",""0"":""第十八次commit\n"",""1"":""第十七次commit\n"",""2"":""第十六次commit\n"",""3"":""第十五次commit\n"",""4"":""第十四次commit\n"",""5"":""第十三次commit\n"",""6"":""第十二次commit\n"",""7"":""第十一次commit\n"",""8"":""第十次commit\n"",""9"":""第九次commit\n"",""10"":""第八次commit 具体更新见学号文件夹readme\n""}"
221801320,01320,0,0,99,0,98,0,98,0,100,0,99,0,106,0,93,0,98,0,109,0,102,0,0,3,3,24,"{""11"":""Update codestyle.md"",""22"":""Delete 221801320"",""12"":""Update codestyle.md"",""23"":""Create 221801320"",""13"":""Update codestyle.md"",""14"":""Update codestyle.md"",""15"":""Rename 2218010320/codestyle.md to 221801320/codestyle.md"",""16"":""Rename example/README.md to 221801320/README.md"",""17"":""Delete test"",""18"":""Rename example/src/WordCount.java to 221801320/src/test"",""19"":""Create test"",""0"":""Add files via upload"",""1"":""Add files via upload"",""2"":""Delete FileIO.java"",""3"":""Delete Count.java"",""4"":""Add files via upload"",""5"":""Delete test"",""6"":""Add files via upload"",""7"":""Delete .project"",""8"":""Delete .gitignore"",""9"":""Delete .classpath"",""20"":""Delete 221801320"",""10"":""Add files via upload"",""21"":""Create 221801320""}"
221801239,01239,0,0,348,0,372,0,410,0,290,0,369,0,383,0,220,0,299,0,405,0,437,0,0,3,3,29,"{""22"":""Create README.md"",""23"":""Create README.md"",""24"":""Create test"",""25"":""Delete src"",""26"":""Create src"",""27"":""Delete 221801239"",""28"":""Create 221801239"",""10"":""Update Lib.java\n\n完善统计单词数的函数\n"",""11"":""Update Lib.java\n\n编写一部分统计单词数的函数\n"",""12"":""Update Lib.java\n\n编写统计行数的函数\n"",""13"":""Update Lib.java\n\n编写统计字符数函数\n"",""14"":""Update Lib.java\n\n编写打开输出文件的函数\n"",""15"":""Update Lib.java\n\n编写打开文件的函数\n"",""16"":""Create WordCount.java"",""17"":""Create Lib.java"",""18"":""Update codestyle.md\n"",""19"":""Update codestyle.md\n"",""0"":""Update README.md\n\n改正文档的语法错误\n"",""1"":""Update Lib.java\n\n修改注释\n"",""2"":""做格式调整\n\n修改一些代码风格\n"",""3"":""Update README.md\n\n更新READEME.md文档\n"",""4"":""Update Lib.java\n\n修改了文件读入，修改了部分注释\n"",""5"":""Delete README.md"",""6"":""Update Lib.java\n\n增加一些注释\n"",""7"":""做一些改动\n\n编写主函数\n"",""8"":""Update Lib.java\n\n完善输出单词的函数\n"",""9"":""Update Lib.java\n\n编写输出单词函数中按单词出现频率进行排序的部分，频率相同的按照字典序排序\n"",""20"":""Delete test"",""21"":""Create codestyle.md""}"
221801119,01119,0,0,108,0,101,0,100,0,103,0,100,0,100,0,103,0,100,0,100,0,104,0,0,3,3,18,"{""11"":""增加了统计单词数的功能\n\n1、新增统计单词数功能：除了统计单词数，countWords函数也将单词与其出现的频率存储在名为wordsMap的HashMap中——在实现统计词频功能时会用到wordsMap\n2、根据代码规范（附在codestyle.md文件中）修改部分函数的命名\n"",""12"":""增加了统计行数功能\n\nCountLines函数负责统计包含非空白字符的行\n"",""13"":""Create CoreCount.java & Update WordCount.java\n\n1、导入CoreCount.java文件，该文件为核心模块，封装了核心计算功能——统计字符数、行数、单词数与词频；\n2、搭建了CoreCount类的基本框架，实现了统计字符数的函数CountChars\n3、对WordCount类做了部分修改\n"",""14"":""Create WordCount.java\n\n导入WordCount.java文件，内有一个主函数，包含读取命令行输入的功能\n"",""15"":""Update codestyle.md\n\n添加代码规范\n"",""16"":""Rename c.md to codestyle.md"",""17"":""Create c.md"",""0"":""调整排版"",""1"":""局部修改\n\n1、改为由命令行输入\n2、新增NullPointerException的异常处理\n"",""2"":""Create README.md\n"",""3"":""局部修改\n\n指定输出文件的编码方式为UTF-8\n"",""4"":""局部修改\n\n1、将countWords函数的命名改为countWordsAndLines，以准确描述其功能；\n2、将sortWordsMap()函数的调用嵌入countWordsAndLines()内\n"",""5"":""局部完善\n\n1、改用Long类型存储统计数据\n2、在主要功能中添加统计数据置0操作，便于重复使用\n"",""6"":""容错修改\n\n经过测试后，重写部分判错功能，提高容错性\n"",""7"":""局部修改\n\n删去countLines函数，将统计行数的功能合并至countWords函数中\n"",""8"":""增加了将输出内容写入文件的功能\n\n依次调用CoreCount的get函数读取字符数、单词数、行数和词频，并将读取到的数据按一定格式写入到用户指定的输出文件中。\n"",""9"":""增加了单词排序功能\n\n新增sortWordsMap函数，对存储了单词及其出现次数的wordsMap进行排序——单词按照出现频率由高到低的顺序排列，出现次数相同的，按字典序排列。\n"",""10"":""修改统计单词数的函数\n\n1、重复的单词计入单词总数\n2、删除辅助编程用的、与功能实现无关的语句\n""}"
221801313,01313,0,0,108,0,97,0,105,0,93,0,96,0,96,0,100,0,96,0,96,0,98,0,0,3,3,14,"{""11"":""Create README.md"",""12"":""Create WordCount.java"",""13"":""test\n\nstart"",""0"":""Add files via upload"",""1"":""Add files via upload\n\nfinal"",""2"":""Add files via upload"",""3"":""Add files via upload"",""4"":""Add files via upload\n\nupload code"",""5"":""Add files via upload\n\nupload file"",""6"":""Add files via upload\n\nupload file"",""7"":""Add files via upload\n\nupload file"",""8"":""Add files via upload\n\nupload file"",""9"":""Delete test.py"",""10"":""Create codestyle.md""}"
221801428,01428,0,0,101,0,96,0,96,0,93,0,104,0,96,0,99,0,97,0,95,0,101,0,0,3,3,13,"{""11"":""Update WordCount.java\n\n完成计算字符数目的功能\n"",""12"":""Create WordCount.java\n\n完成代码整体框架，包括错误捕获和命令行参数判断\n"",""0"":""按要求修改了输出格式\n"",""1"":""README中添加了对测试文件较大的情况下运行程序的说明。\n"",""2"":""修改了一些程序bug\n"",""3"":""添加了项目描述文件\n"",""4"":""完善了注释信息，添加了对统计量的安全访问方法\n"",""5"":""添加了一些变量便于测试，根据测试结果修改了一些bug\n"",""6"":""将函数等进行封装，分离，便于管理。添加了描述代码规范的markdown文件。\n"",""7"":""Update WordCount.java\n\n完成将单词等计数完毕并输出到文件中\n"",""8"":""Update WordCount.java\n\n完成对单词映射表的排序以及输出\n"",""9"":""Update WordCount.java\n\n完成计算有效单词总数和映射单词的功能\n"",""10"":""Update WordCount.java\n\n完成计算有效行数的功能\n""}"
221801431,01431,0,0,107,0,94,0,96,0,98,0,95,0,89,0,93,0,104,0,94,0,96,0,0,3,3,15,"{""11"":""feat：countWord\n\n增加新功能：统计文件的单词总数\n"",""12"":""feat countChar\n\n编写主函数；增加功能：统计字符数\n"",""13"":""add .gitignore\n\n添加.gitignore以过滤一些不必要的文件\n"",""14"":""init; add codestyle.md\n\n初始化项目、添加代码风格描述\n"",""0"":""fix：代码规范重检查\n\n一些小的改动：\n代码规范\nREADME.md\n"",""1"":"".gitignore update\n"",""2"":""add: README\n\n添加项目说明\n"",""3"":""fix：改进异常处理\n\n改进异常处理\n"",""4"":""fix：性能改进、修改bug\n\n性能改进；\n修改bug：文件路径问题，使命令行与IDE、测试模块都可以直接允许\n"",""5"":""fix：add Exception handling\n\n增加了一些文件的异常处理；\n进行输入正确性检查\n"",""6"":"".gitignore update\n"",""7"":""fix：function overloading\n\n修改接口：\n1. 函数参数可以只写要统计的文件名，默认路径为父目录\n2. 还可以传入自定义路径\n\n改了一些小bug\n"",""8"":""refactor：add Interface encapsulation\n\n增加接口封装，\n改变函数的返回值等小修改\n"",""9"":""feat：countWordFrequency\n\n增加新功能：/统计各单词出现次数\n"",""10"":""feat：countLine\n\n增加新功能：统计行数\n""}"
51805124,05124,0,0,266,0,278,0,323,0,230,0,327,0,311,0,171,0,239,0,294,0,310,0,0,3,3,10,"{""0"":""完成对readme的编辑\n"",""1"":""将文件写入部分和单词总数、单词频率结合优化\n"",""2"":""完成文件写入功能\n"",""3"":""初始化主程序入口测试\n"",""4"":""完成工具类统计单词出现频率功能\n"",""5"":""完成工具类统计有效行数功能\n"",""6"":""完成工具类统计单词总数功能\n"",""7"":""完成工具类统计字符总数功能\n"",""8"":""完成工具类读文件功能\n"",""9"":""确立代码风格规范\n""}"
221801224,01224,0,0,96,0,98,0,98,0,100,0,98,0,97,0,100,0,97,0,104,0,94,0,0,3,3,10,"{""0"":""修改输出格式\n"",""1"":""修改README.md\n"",""2"":""Update Lib.java\n"",""3"":""添加部分备注 完善结构\n"",""4"":""添加cmd输入参数缺失异常处理\n"",""5"":""code style 修改 version 1.3\n"",""6"":""code style 修改 version1.2\n"",""7"":""code style 修改 version 1.1\n"",""8"":""对code style 修改 version 1.0\n"",""9"":""commit 221801224\n""}"
221801301,01301,0,0,99,0,98,0,102,0,98,0,97,0,96,0,99,0,97,0,97,0,100,0,0,3,3,14,"{""11"":""Create WordCount.java"",""12"":""Add files via upload"",""13"":""Create codestyle.md"",""0"":""增加了部分注释"",""1"":""将测试代码打了注释，提交供助教测试的最终版本"",""2"":""修改了词频排序中的bug"",""3"":""将原本在WordCount.java中的方法分离至Lib.java中，同时增加测试函数"",""4"":""修改了统计行数时没有忽略空白行数的问题"",""5"":""实现统计词频的功能"",""6"":""实现文件统计单词数的功能"",""7"":""实现统计字符个数功能"",""8"":""更新代码风格md"",""9"":""实现行数统计的功能"",""10"":""实现最基本的文件上传功能""}"
221801303,01303,0,0,194,0,202,0,219,0,157,0,203,0,221,0,124,0,170,0,218,0,236,0,0,3,3,14,"{""11"":""字符统计（尝试从ideaCommit）\n"",""12"":""LineCount和部分ignore\n"",""13"":""建立\n"",""0"":""ReadMe\n"",""1"":""对单词出现次数进行排序\n"",""2"":""细节修改\n"",""3"":""gitignore\n"",""4"":""通过输入字符串i/o文件\n"",""5"":""细节修改\n"",""6"":""代码规范\n"",""7"":""输出到文件\n"",""8"":""输出到文件(测试)\n"",""9"":""添加control封装方法接口\n"",""10"":""计算单词数和单词出现次数\n""}"
221801424,01424,0,0,102,0,88,0,106,0,98,0,96,0,96,0,99,0,96,0,97,0,98,0,0,3,3,10,"{""0"":""程序入口\n"",""1"":""工具类，实现所有功能\n"",""2"":""测试函数正确性\n"",""3"":""生成测试文件，无参运行查看覆盖率\n"",""4"":""程序入口\n"",""5"":""工具类，实现所有功能\n"",""6"":""测试函数正确性\n"",""7"":""生成测试文件，无参运行查看覆盖率\n"",""8"":""代码规范\n"",""9"":""md\n""}"
221801425,01425,0,0,100,0,96,0,98,0,100,0,98,0,99,0,100,0,97,0,99,0,100,0,0,3,3,25,"{""22"":""Create 1"",""23"":""Delete 221801425"",""24"":""Create 221801425"",""10"":""第三次commit\n"",""11"":""第二次commit\n"",""12"":""第一次commit\n"",""13"":""第一次commit\n"",""14"":""第一次commit\n"",""15"":""第一次commit\n"",""16"":""第一次commit\n"",""17"":""第一次commit\n"",""18"":""第一次commit\n"",""19"":""第一次commit\n"",""0"":""第十次commit\n"",""1"":""第十次commit\n"",""2"":""第十次commit\n"",""3"":""第九次commit\n"",""4"":""第八次commit\n"",""5"":""第七次commit\n"",""6"":""第六次commit\n"",""7"":""第五次commit\n"",""8"":""第四次commit\n"",""9"":""第四次commit\n"",""20"":""第一次commit\n"",""21"":""Delete 221801425 directory""}"
221801420,01420,0,0,99,0,99,0,97,0,100,0,98,0,89,0,93,0,92,0,101,0,98,0,0,3,3,12,"{""0"":""对一些函数进行了性能优化（将变量的创建放于循环外）\n"",""11"":""first\n"",""1"":""优化异常处理\n"",""2"":""将多次使用的获取文件读指针操作封装为函数\n"",""3"":""设置文件读写编码都为utf-8\n"",""4"":""Merge branch 'main' of https://github.com/Coder-in-life/PersonalProject-Java\n"",""5"":""更改单词排序函数，使其模块化不依赖其他函数\n"",""6"":""Update codestyle.md"",""7"":""correct tabs2\n"",""8"":""correct tabs\n"",""9"":""third and test for tabs\n"",""10"":""second\n""}"
